n,gflops_fftw,gflops_a1,speedup_a1_over_fftw
16777216,6.799862,19.139843,2.8147399167806637
67108864,5.821842,19.668488,3.3783960471617056
