n,dtlb_fftw,dtlb_a1,reduction_frac_(1-a1/fftw)
16777216,41826020.5,475208.75,0.9886384421869635
67108864,169946433.0,2146475.0,0.9873696966620065
