n,llc_fftw,llc_a1,reduction_frac_(1-a1/fftw)
16777216,33876919.0,6679037.75,0.8028440027264581
67108864,152912774.0,31114262.0,0.7965228071789476
