n,ipc_fftw,ipc_a1,delta_ipc_(a1-fftw)
16777216,0.794455795670954,1.3684594078904015,0.5740036122194475
67108864,0.7037184889260816,1.5006279007178474,0.7969094117917658
